city,n_days,mean_pm25,median_pm25,mean_aqi
Patna,1537,123.5,91.12,240.78
Delhi,2007,117.2,94.62,259.49
Gurugram,1525,117.1,90.15,225.12
Lucknow,1907,109.71,86.09,217.97
Ahmedabad,1381,67.85,58.37,452.12
Kolkata,759,64.36,43.55,140.57
Jorapokhar,379,64.23,60.69,159.25
Brajrajnagar,753,64.06,60.63,150.28
Guwahati,501,63.69,46.78,140.11
Talcher,741,61.41,44.64,172.89
Amritsar,1093,55.47,44.09,119.92
Jaipur,1102,54.5,49.75,133.68
Chennai,1892,50.43,45.55,114.5
Bhopal,280,50.06,44.84,132.83
Hyderabad,1891,47.04,42.0,109.21
Visakhapatnam,1232,46.97,40.61,117.27
Chandigarh,289,41.13,33.27,96.5
Amaravati,892,37.77,28.02,95.3
Bengaluru,1863,35.82,30.92,94.32
Mumbai,784,35.2,23.74,105.35
Kochi,162,31.43,24.29,104.28
Shillong,246,30.82,17.43,53.8
Coimbatore,378,29.15,28.52,73.02
Thiruvananthapuram,1070,28.04,22.38,75.88
Ernakulam,158,24.94,19.76,92.36
Aizawl,111,17.13,10.48,34.77
