city,season,mean_pm25,n_days
Ahmedabad,Monsoon,43.64,484
Ahmedabad,Post-monsoon,98.03,236
Ahmedabad,Summer,69.77,362
Ahmedabad,Winter,80.92,299
Aizawl,Monsoon,3.39,29
Aizawl,Summer,21.99,82
Amaravati,Monsoon,17.52,231
Amaravati,Post-monsoon,45.09,119
Amaravati,Summer,25.12,271
Amaravati,Winter,64.48,271
Amritsar,Monsoon,40.67,321
Amritsar,Post-monsoon,87.48,154
Amritsar,Summer,51.24,356
Amritsar,Winter,60.53,262
Bengaluru,Monsoon,23.53,603
Bengaluru,Post-monsoon,38.86,302
Bengaluru,Summer,38.64,509
Bengaluru,Winter,47.07,449
Bhopal,Monsoon,15.89,45
Bhopal,Post-monsoon,70.47,61
Bhopal,Summer,31.8,83
Bhopal,Winter,69.93,91
Brajrajnagar,Monsoon,34.45,225
Brajrajnagar,Post-monsoon,60.92,78
Brajrajnagar,Summer,72.26,237
Brajrajnagar,Winter,87.36,213
Chandigarh,Monsoon,24.72,45
Chandigarh,Post-monsoon,70.89,61
Chandigarh,Summer,18.43,92
Chandigarh,Winter,52.25,91
Chennai,Monsoon,44.0,626
Chennai,Post-monsoon,51.72,304
Chennai,Summer,51.17,530
Chennai,Winter,57.92,432
Coimbatore,Monsoon,24.23,138
Coimbatore,Post-monsoon,29.84,61
Coimbatore,Summer,26.41,88
Coimbatore,Winter,38.81,91
Delhi,Monsoon,54.31,639
Delhi,Post-monsoon,188.78,305
Delhi,Summer,90.23,552
Delhi,Winter,182.24,511
Ernakulam,Monsoon,10.98,29
Ernakulam,Summer,20.51,91
Ernakulam,Winter,46.22,38
Gurugram,Monsoon,85.41,482
Gurugram,Post-monsoon,158.52,240
Gurugram,Summer,101.46,435
Gurugram,Winter,150.1,368
Guwahati,Monsoon,27.63,153
Guwahati,Post-monsoon,57.02,61
Guwahati,Summer,61.91,184
Guwahati,Winter,124.37,103
Hyderabad,Monsoon,30.38,621
Hyderabad,Post-monsoon,61.34,302
Hyderabad,Summer,43.7,517
Hyderabad,Winter,64.22,451
Jaipur,Monsoon,40.91,372
Jaipur,Post-monsoon,78.33,183
Jaipur,Summer,46.93,276
Jaipur,Winter,64.77,271
Jorapokhar,Monsoon,22.5,45
Jorapokhar,Post-monsoon,70.49,57
Jorapokhar,Summer,54.73,136
Jorapokhar,Winter,84.17,141
Kochi,Monsoon,18.04,31
Kochi,Summer,24.32,92
Kochi,Winter,58.84,39
Kolkata,Monsoon,24.6,263
Kolkata,Post-monsoon,88.4,122
Kolkata,Summer,40.92,193
Kolkata,Winter,130.93,181
Lucknow,Monsoon,50.71,632
Lucknow,Post-monsoon,166.69,305
Lucknow,Summer,90.52,518
Lucknow,Winter,175.76,452
Mumbai,Monsoon,16.61,274
Mumbai,Post-monsoon,50.46,118
Mumbai,Summer,22.55,211
Mumbai,Winter,68.14,181
Patna,Monsoon,47.87,401
Patna,Post-monsoon,164.23,294
Patna,Summer,79.28,409
Patna,Winter,207.64,433
Shillong,Monsoon,43.41,65
Shillong,Post-monsoon,17.1,29
Shillong,Summer,26.29,67
Shillong,Winter,29.46,85
Talcher,Monsoon,24.46,208
Talcher,Post-monsoon,58.63,96
Talcher,Summer,53.35,235
Talcher,Winter,110.14,202
Thiruvananthapuram,Monsoon,15.24,364
Thiruvananthapuram,Post-monsoon,28.59,166
Thiruvananthapuram,Summer,25.73,275
Thiruvananthapuram,Winter,47.66,265
Visakhapatnam,Monsoon,33.09,349
Visakhapatnam,Post-monsoon,51.84,216
Visakhapatnam,Summer,30.65,314
Visakhapatnam,Winter,72.23,353
