month,mean_pm25,median_pm25,mean_pm10,mean_no2,mean_co,n_pm25
1,107.76,78.03,166.29,36.45,3.043,2138
2,82.9,65.96,147.7,34.25,2.915,2082
3,63.93,51.93,116.81,27.66,2.196,2373
4,52.64,42.45,105.59,24.44,1.672,2314
5,51.31,40.37,105.3,22.83,1.406,2428
6,43.37,32.37,85.63,22.0,1.542,2337
7,37.75,30.52,71.04,21.33,2.207,1836
8,33.78,29.83,69.22,20.56,2.396,1758
9,38.0,31.61,74.06,23.87,2.074,1744
10,74.65,59.04,124.89,33.24,2.717,1929
11,110.53,78.96,166.2,39.21,2.923,1941
12,110.0,78.56,163.2,37.18,2.232,2053
